customer_id,first_name,last_name,email,phone,address,city,state,country,postal_code,registration_date
1,Larry,Gross,estesbenjamin@rhodes.com,622-791-7471,"386 Rowe Plaza Suite 031, Andrewmouth, VT 42707",West Josephborough,Kansas,USA,16816,2024-08-03
2,Carla,Davis,sarah82@arnold.net,720.335.2071x791,"83636 Doyle Turnpike, Kaylaport, LA 86408",East Ivan,Arizona,USA,14851,2023-10-04
3,Karen,Nichols,xthomas@allen.com,431-114-5207x234,"81971 Sara Isle, Lake Eric, SD 28090",Johnborough,Colorado,USA,80694,2023-09-22
4,Christine,Fernandez,chodge@hotmail.com,(524)251-3515,"6541 Morales Isle, Lake Cynthiafurt, OH 50315",Jonesland,Oklahoma,USA,26845,2023-05-22
5,Michelle,Davis,chasemaria@gmail.com,470.792.7437,"206 Walker Ports Suite 528, New Carl, NM 98208",North Scott,Louisiana,USA,73645,2023-11-18
6,Cheryl,Johnson,brettwoods@whitaker.net,398-289-9143,"777 Pierce Parks, East Richardside, HI 66269",Richardhaven,North Carolina,USA,56357,2024-01-14
7,Becky,Abbott,amyhamilton@hotmail.com,6961753943,"1313 King Forest Apt. 397, East Juanfurt, ND 43307",Blanchardfurt,New Mexico,USA,05854,2023-12-23
8,Stephanie,Dennis,ereed@parker-houston.net,+1-467-513-1480x78712,"0343 Andrew Stravenue, Lake Toni, DC 37143",Edwardfurt,New York,USA,64286,2023-10-18
9,Thomas,Daniels,urivers@hotmail.com,994.117.7809,"827 Marc Common, South Amyland, FL 19904",New Michelle,Vermont,USA,43338,2023-03-23
10,Hannah,Michael,steven23@spencer-estrada.com,001-113-252-6188x2753,"USS Petty, FPO AA 65315",Gibsonport,Utah,USA,46031,2023-10-21
11,Keith,Martin,wpearson@yahoo.com,001-275-763-8609x1620,"91686 Franco Extension Apt. 802, North Samantha, LA 02743",South Katelyn,Connecticut,USA,33553,2024-02-06
12,Christine,Burgess,sarabailey@hammond.com,8192008357,"06606 Conrad Freeway Suite 374, New Ryan, PA 25849",Williamborough,Alabama,USA,64064,2024-03-08
13,Marie,Poole,johnpoole@yahoo.com,906.764.1588x2369,"1971 Mcdonald Turnpike Apt. 383, Forbesport, DE 45971",Staceyport,New Jersey,USA,66982,2023-04-12
14,Jason,Williams,jennifer15@carter.biz,541-284-6587x6241,"0540 Schmidt Groves, Brownchester, CA 56848",Francisview,Idaho,USA,76071,2023-11-09
15,Amy,Carpenter,tannerhess@roberts.org,518-599-4083,"PSC 7058, Box 3433, APO AE 45212",Lewiston,Nevada,USA,45883,2023-12-15
16,William,Thomas,benjamin97@vasquez-campos.com,001-160-131-7708x549,"6012 Wells Hollow Suite 634, Ashleyberg, KS 61131",North Danielmouth,Georgia,USA,94191,2024-12-30
17,Andrew,Griffith,onewton@ward.com,+1-503-679-0862,"29746 Holland Garden Suite 678, Maldonadostad, OK 40047",New Michaeltown,Pennsylvania,USA,58972,2024-08-08
18,Thomas,Wilson,lisa11@yahoo.com,628-609-9291x1359,"27664 Smith Burgs Apt. 626, West Nancy, VA 37818",Port Robertmouth,Missouri,USA,60005,2025-01-25
19,David,Frazier,hodgesjohn@jones.biz,+1-809-333-3138x78700,"92051 Smith Freeway Suite 322, Erikmouth, MA 43902",Greenfurt,Maryland,USA,39143,2024-03-23
20,Daniel,Barrett,jeffreyarroyo@hays.com,756.127.9666,"2910 Cummings Valley, West Calebbury, MN 62438",Jasonport,Georgia,USA,10008,2024-03-22
21,Ellen,Villa,millerjessica@sellers-wilson.com,619.136.7573x74889,"454 Jennings Well Suite 689, Pattersonchester, MT 49098",Johnnyville,Utah,USA,08907,2023-12-02
22,Charles,Liu,zsantiago@hunt.net,001-709-898-0624,"Unit 9915 Box 8557, DPO AA 92650",Lake Allison,Rhode Island,USA,01320,2024-01-03
23,Jason,Hobbs,samanthaleonard@yahoo.com,001-832-998-8236x9053,"88975 Jacqueline Mills, Craigfurt, NM 58843",Reyesmouth,North Carolina,USA,21155,2025-02-06
24,Alfred,Taylor,unelson@yahoo.com,670-793-9432x6120,"98167 Bentley Mountain Suite 339, Port Melissa, CA 77220",Garnerfort,Massachusetts,USA,69364,2023-03-13
25,Scott,Bowers,hbruce@gmail.com,(817)143-3525,"45377 Sherman Lodge Suite 335, Anthonyborough, SD 10407",Peckmouth,Virginia,USA,02303,2025-01-01
26,William,Johnson,scottpage@morton.com,089-964-4008x776,"6093 Schwartz Drives Apt. 240, Thompsonmouth, SD 18832",Carolynfort,Colorado,USA,27133,2024-12-03
27,Luis,Taylor,nancy59@miller.com,031.292.0772,"2460 Rachel Mountain Suite 290, South Kimberly, KS 66721",Tannerton,Minnesota,USA,52322,2023-06-02
28,Mckenzie,Henderson,ibailey@gmail.com,522.707.1139x94259,"9531 Gregory Inlet Apt. 747, New Cheryl, CO 49883",Port Kenneth,Minnesota,USA,33145,2024-05-12
29,Erika,Taylor,gbennett@gmail.com,6761801289,"062 Crystal Fall Suite 883, Erintown, WV 19982",North Marymouth,Idaho,USA,79525,2025-01-17
30,Scott,Paul,lindseyelliott@hotmail.com,+1-839-187-3050x669,"725 Le Gardens Apt. 532, Port Edward, NM 99769",Brittanyfurt,South Dakota,USA,55965,2023-03-18
31,Brittney,Smith,langsherri@reyes.net,(457)780-0801,"USCGC Meyer, FPO AE 14718",West Gina,Maine,USA,85076,2023-03-26
32,Mark,Rodgers,nancyherring@neal-shepard.biz,001-825-104-2299x8774,"8504 Christina Radial, South Briana, NJ 11238",East Christinachester,Massachusetts,USA,24128,2024-09-27
33,Susan,Malone,charlesnicole@smith.com,917.742.8538x756,"318 Anthony Drive, New Debra, GA 34790",Rebeccafurt,Ohio,USA,10781,2025-02-07
34,Jason,Carrillo,brooke11@hotmail.com,(737)391-1014x66273,"USNS Robinson, FPO AA 36014",Orozcoville,Georgia,USA,91671,2023-12-22
35,Kathleen,Romero,wboone@gmail.com,(836)396-4841x1099,"5163 Matthew Glens, South Shaneville, SC 58198",Port Donna,Arizona,USA,95638,2023-10-17
36,Andrew,Smith,golson@gmail.com,838-768-2687,"236 Christian Mountain, Markland, WY 57765",Hannahton,Massachusetts,USA,57599,2024-06-07
37,Johnathan,Vargas,alexis60@robertson.com,149-103-0649x8366,"130 Allen Square, Port Nancy, NC 99570",Wilsonland,Rhode Island,USA,97506,2024-10-04
38,Cheryl,Dunlap,miguelluna@yahoo.com,709.213.9127,"Unit 0059 Box 0119, DPO AP 80686",Williamstown,North Dakota,USA,12762,2024-09-06
39,Darlene,Walters,kristinaandrade@hobbs.net,7525423015,"8411 Walter Bridge, Dawnton, VA 14750",North Emily,Vermont,USA,38883,2023-06-24
40,Tammy,Henderson,mary73@hotmail.com,353-218-5916x365,"25508 Linda Rue, Jasmineberg, ME 80956",Abigailville,California,USA,68888,2024-12-07
41,Michelle,Miller,todd45@hall.net,001-955-891-7138x203,"55118 Donna Ferry, Amandaton, DE 82790",West Travisview,Oklahoma,USA,15898,2023-08-11
42,Marcus,Grant,amanda29@tucker.biz,+1-985-152-2637,"9457 Ronnie Lock, Johnsonfurt, TX 66328",East Jasonfurt,Maryland,USA,30789,2025-02-02
43,Christine,Porter,john48@bass-duarte.com,583.276.7836,"72659 Mary Station, Osbornetown, NE 60684",Jessicaburgh,Tennessee,USA,99516,2023-08-19
44,Robert,King,nicholsmelanie@yahoo.com,948-096-9709x4952,"Unit 6507 Box 0003, DPO AA 87750",East Matthew,Indiana,USA,44683,2024-01-17
45,Lisa,Galvan,cadams@carroll-russell.com,4932830282,"124 Carrie Port, Ruizfurt, KY 81926",New Rebecca,Pennsylvania,USA,09873,2024-06-29
46,Ryan,Hanna,olopez@yahoo.com,(008)568-4749,"343 Mike Knolls Apt. 719, Lake Jessica, IL 26288",New Michaelhaven,Maryland,USA,41537,2023-07-26
47,Michael,Arnold,andrewmartinez@thompson.com,(391)134-6354,"103 Shawn Port, Port Hollymouth, OK 84825",Hernandezfort,Rhode Island,USA,19120,2023-10-24
48,Thomas,Fowler,brosales@williams.net,078.669.7262x8893,"5090 Olivia Neck, Annetteshire, DC 15119",South Valeriestad,Mississippi,USA,12444,2023-03-08
49,Susan,Mcintosh,kiddclinton@johnson.com,(106)733-8315x106,"Unit 3170 Box 4967, DPO AA 88318",West Lindaport,South Carolina,USA,73159,2024-08-13
50,Joanna,Hernandez,meyerrichard@montoya.com,001-534-882-9959,"03957 David Motorway, Perkinsburgh, MS 05128",East Alyssa,California,USA,69000,2024-01-28
51,Gloria,Schroeder,monicasanchez@gmail.com,(582)348-5826x650,"USNS Love, FPO AE 80246",Donnaville,Kentucky,USA,06019,2023-04-19
52,Terri,Peters,cbanks@burton.com,+1-121-503-4294x226,"USCGC Bowman, FPO AA 80922",Victoriashire,Georgia,USA,86077,2023-04-13
53,Steven,Armstrong,ewalsh@rogers.biz,003-531-3452x574,"817 Malone Roads, Port Michaelberg, HI 14832",Erikaview,Mississippi,USA,86486,2024-04-26
54,Leah,Parks,richardfox@hotmail.com,8281952998,"0494 Robert Common, Kristinton, OK 53551",Port Michaela,Connecticut,USA,61662,2024-10-19
55,Tammy,Roberts,cookkellie@lopez-scott.info,+1-511-358-2730x0713,"5718 Randolph Spring, Port Jenniferview, MS 28621",North Angela,Nevada,USA,27709,2024-06-21
56,Shane,Franco,zdunn@yahoo.com,629.368.4372,"008 Brian Lodge Apt. 278, Port Amy, NH 10788",New Williamshire,Hawaii,USA,81520,2024-05-15
57,Julia,Stein,coliver@white.com,3345411720,"317 Guerrero Shoal, Port Joanneshire, AK 93671",West Gregoryburgh,Idaho,USA,97305,2025-02-11
58,Angela,Diaz,millermaureen@haney-horne.net,700.711.8115x36317,"41174 Robinson Ferry Suite 577, Christinabury, AK 80152",Johnside,California,USA,69132,2024-05-30
59,Brian,Harvey,douglascarlos@gmail.com,001-411-088-5491,"7943 Hughes Glen, West Davidbury, RI 73182",New Jennifer,Tennessee,USA,86974,2023-09-14
60,Billy,Reid,nicholas46@alexander.com,001-473-148-3123x3111,"096 Meadows Crest Suite 666, Katherinehaven, WV 01871",West Justin,Wyoming,USA,06602,2023-11-30
61,Patricia,Palmer,basschad@yahoo.com,740.789.4954x567,"USS Nguyen, FPO AE 78001",New Williamfort,Arizona,USA,69365,2023-10-20
62,Courtney,Brewer,abailey@hodge.com,417.274.9275,"168 Carter Brook, East Dennischester, SD 19749",Andersonberg,Pennsylvania,USA,42076,2024-08-11
63,Betty,Robertson,jerry72@gmail.com,5641133653,"1994 Heather Summit, South Robertberg, DC 56047",Annetteshire,Alaska,USA,27297,2024-01-31
64,Sean,James,monroeanthony@martin.com,745-586-5048x0869,"279 Long Walks Apt. 174, East Charlotte, NM 50137",Herreraburgh,Washington,USA,80254,2023-04-02
65,Chad,Duffy,robertrodriguez@watson.com,(836)447-5574x157,"24240 Herrera Creek, West Alanland, MS 72280",Alantown,Maryland,USA,45757,2024-10-08
66,Amanda,Foster,jason25@byrd-wilcox.net,296.783.7862x1977,"0837 Jennifer Vista Apt. 903, Cynthiastad, WA 10462",Samanthachester,Delaware,USA,29687,2024-07-23
67,Martha,Moore,wtucker@hotmail.com,001-518-377-2456x681,"43102 Higgins Ports, West Guyview, IL 51022",Smithside,North Dakota,USA,27364,2023-07-03
68,Susan,Pham,wardbrenda@crane.com,8503859492,"574 Garrison Track, South Eric, TX 81097",Vanessaville,Mississippi,USA,78771,2024-02-28
69,Robert,Diaz,bgreen@hotmail.com,(435)886-6612x4652,"6122 Cassandra Valleys Apt. 863, Jenkinsport, MA 40079",Ochoaborough,Alabama,USA,76193,2023-05-31
70,Melinda,Graves,ppitts@sanders-farrell.net,+1-351-409-7471x52934,"836 Valerie Via, Joycehaven, NC 37069",West Rebeccachester,Alabama,USA,66443,2023-07-04
71,Dustin,Hall,veronica56@owens.com,9066164080,"5335 Pineda Canyon, New Stephanie, NC 06499",East Madison,Colorado,USA,05581,2024-04-27
72,Juan,Thomas,brockdominic@jackson.org,(744)470-9608,"045 Campbell Manors, West Alex, NH 21894",Westtown,Iowa,USA,93948,2025-01-11
73,Christina,Davis,rogerschneider@baker.org,(294)892-1920x8144,"Unit 9493 Box 8676, DPO AE 83006",Aguilarchester,South Carolina,USA,28109,2023-05-20
74,Sean,Moore,qvargas@johnson.com,110.526.5028x6213,"6456 Audrey Lane, South Melanie, PA 97136",Gamblestad,Tennessee,USA,60639,2024-11-15
75,Scott,Brock,rushheather@hotmail.com,091-865-6497x48504,"479 Patricia Falls Apt. 382, New Jeffreyhaven, AK 56797",North Scott,Virginia,USA,62540,2023-12-16
76,Edward,James,ryanwinters@brown.com,852-599-7625x509,"0756 Webb Estate Suite 187, Port Alanport, AZ 68559",East Tamaramouth,North Carolina,USA,56445,2023-04-20
77,Mark,Black,jane85@gmail.com,+1-992-851-9797,"USNV Woods, FPO AA 90490",West Austinfort,California,USA,00953,2024-12-02
78,Lisa,Weaver,melanielandry@mcclain.org,001-213-012-6801x96188,"5303 Morrison Lane, Port Amyhaven, TX 62956",Port Caitlynburgh,Idaho,USA,70948,2024-06-20
79,Jordan,Reid,brittanywhite@armstrong.info,(115)935-6638x77720,"7102 Tanya Loop, North Matthewmouth, AR 47205",Fosterhaven,Oklahoma,USA,21696,2024-02-09
80,Emily,Johnson,erik66@hotmail.com,+1-281-533-2582,"6754 Hanson Flat Apt. 896, South Steven, IA 32387",East Jeffreyville,Texas,USA,05685,2024-09-06
81,Carolyn,James,bbaker@hotmail.com,735.129.6195,"2704 Bond Hills Apt. 275, Williamsfort, DE 88070",East Christopher,Wisconsin,USA,57254,2023-05-11
82,Amber,Nelson,rgarcia@yahoo.com,3810786691,"PSC 4434, Box 1774, APO AA 41951",Port Kirstentown,Alaska,USA,28633,2023-04-26
83,Christopher,Schroeder,oneillkyle@yahoo.com,873-460-8790,"18196 Robin Summit Suite 838, Lake Yvonneview, FL 27682",South Sandraside,New York,USA,44640,2024-05-27
84,Emily,Johnson,nwillis@obrien.org,0690467866,"079 Baker Fork Apt. 153, East Brenda, CT 48170",Rojasfort,Nebraska,USA,70463,2024-02-04
85,Jenna,Miller,millerscott@weber.net,+1-380-847-8114x07962,"44245 Tran Mission Suite 352, Cookbury, CA 88784",Danielburgh,Louisiana,USA,48773,2023-11-02
86,Kayla,Lloyd,kingbrett@yahoo.com,001-765-474-9757x15360,"274 Maria Well Suite 658, West Tamara, WV 31787",Melaniehaven,Iowa,USA,88207,2024-03-04
87,George,Price,fletchershannon@gmail.com,891-927-8832,"381 Jason Manor, East Andrewport, MO 78119",Sextonland,Louisiana,USA,34660,2024-08-15
88,Patrick,Nicholson,james45@hotmail.com,820-625-7865,"32502 Brittany Forks, Port Thomasstad, HI 88404",Susanborough,Washington,USA,93624,2023-08-26
89,Matthew,Ayers,wrightholly@yahoo.com,298.666.0538,"93100 Perez Walks Apt. 485, Elizabethborough, AL 39363",Navarrofurt,Washington,USA,52277,2023-06-04
90,Elizabeth,Wilson,daniel50@morris-torres.net,+1-537-733-7439x342,"414 Murray Crest, Rayville, NC 33437",Butlerbury,Arizona,USA,81122,2024-11-07
91,James,Hampton,myerssean@marquez-collins.com,001-962-658-4460x4694,"746 Tracy Plains, Colemanland, ND 33299",East Shannonbury,Alaska,USA,93826,2023-10-11
92,Christian,Garner,bethany65@ross.com,(123)720-6602,"038 Heather Stravenue Apt. 518, North Seanhaven, ME 78519",South Jasonmouth,Nevada,USA,99285,2023-08-30
93,Kara,Ramirez,natalie37@jones.com,051-565-2367x4464,"PSC 1510, Box 1011, APO AP 02433",New James,Rhode Island,USA,62124,2024-03-19
94,Benjamin,Stanley,patricia59@murray-ortiz.com,(769)274-4259,"084 Jennifer Hills, Reynoldstown, VA 86829",Port Stephanie,Mississippi,USA,17993,2024-05-19
95,Sabrina,Crawford,michelle95@yahoo.com,+1-168-681-4871x603,"4766 Peter Corner, New Rachel, DC 62030",New Carlos,Virginia,USA,53392,2024-04-19
96,Melissa,Brown,collinsaaron@yahoo.com,+1-420-623-0587x437,"9325 Johnson Hill Suite 139, North Matthew, UT 71976",West Tara,Massachusetts,USA,65529,2024-09-19
97,Maurice,Jones,michaellong@hotmail.com,001-400-732-5115x2758,"543 Perry Causeway, Lake Jonathanshire, HI 43925",South Samanthaport,Washington,USA,57031,2024-02-14
98,Jorge,Alexander,joconnor@hotmail.com,(283)568-7380,"6102 Estrada Mountains, Port Nicholasstad, TN 26148",Brownville,Minnesota,USA,39048,2024-12-29
99,Michael,Smith,janice42@gmail.com,(627)846-4289x46835,"81933 Michelle Wall Apt. 049, Glassshire, IL 93225",Salinasland,Michigan,USA,81087,2024-07-17
100,Lori,Guerrero,johngonzalez@yahoo.com,+1-270-373-2534x9770,"653 Vincent Field, Justinmouth, MA 41914",Davidtown,Minnesota,USA,65329,2025-01-27
